"a-spacing-medium","a-profile href","a-profile-avatar src","a-profile-avatar","a-profile-name","a-size-base href","a-icon-alt","a-size-base","a-size-base 2","a-link-normal href","a-size-mini","a-size-base 3","a-size-base 4","a-button-text href","cr-helpful-text","a-size-base 5","a-size-base href 2","a-size-base 6","review-comment-count","a-alert-heading","cr-lightbox-main-image src","a-profile href 2","a-profile-avatar src 2","a-profile-avatar 2","a-profile-name 2","a-icon-alt 2","a-size-small","a-size-medium","cr-lightbox-image-thumbnail src","cr-lightbox-image-thumbnail src 2","a-popover-preload","a-popover-trigger href","a-section","a-size-base 7","a-size-base 8"
"From the United States","","","","","","","","","","","","","","","","","","","","","","","","","","","","","","","","","",""
"","https://www.amazon.com/gp/profile/amzn1.account.AH3JC6LZBBIGHQBDST4ZHMHPH6KA/ref=cm_cr_arp_d_gw_btm?ie=UTF8","https://images-na.ssl-images-amazon.com/images/S/amazon-avatars-global/default._CR0,0,1024,1024_SX48_.png","<img src=""https://images-na.ssl-images-amazon.com/images/S/amazon-avatars-global/default._CR0,0,1024,1024_SX48_.png""/>","Amazon Customer","https://www.amazon.com/gp/customer-reviews/R1NKZDOXCSGNV9/ref=cm_cr_arp_d_rvw_ttl?ie=UTF8&ASIN=B09FQDLY3D","5.0 out of 5 stars","Fresh Breath!","Reviewed in the United States on October 19, 2021","https://www.amazon.com/gp/help/customer/display.html/ref=cm_cr_dp_d_rvw_avp?nodeId=G75XTB7MBMBTXP6W","Verified Purchase","I try to brush my dog's teeth a couple of times a week, but some days, he is just not having it and he will let me know that. Dental treats such as these are a great way to keep his teeth clean while also leaving a nice fresh breath behind. No issues with swallowing large chunks nor loose stool with using this product.","One person found this helpful","https://www.amazon.com/ap/signin?openid.return_to=https%3A%2F%2Fwww.amazon.com%2FN-Bone-Twistix-Naturals-Vanilla-912696%2Fproduct-reviews%2FB09FQDLY3D%2Fref%3Dcm_cr_arp_d_vote_lft%3Fie%3DUTF8%26csrfT%3DhOGi4r9j05tRAy23PF1gl6VssJ6M2MAsmUDr0gj8Dy2PAAAAAGXT4vcAAAAB%26reviewId%3DR1NKZDOXCSGNV9&openid.identity=http%3A%2F%2Fspecs.openid.net%2Fauth%2F2.0%2Fidentifier_select&openid.assoc_handle=usflex&openid.mode=checkid_setup&marketPlaceId=ATVPDKIKX0DER&language=en&openid.claimed_id=http%3A%2F%2Fspecs.openid.net%2Fauth%2F2.0%2Fidentifier_select&openid.ns=http%3A%2F%2Fspecs.openid.net%2Fauth%2F2.0","Helpful","Report","https://www.amazon.com/hz/reviews-render/report-review?ie=UTF8&ref=cm_cr_arp_d_rvw_hlp&csrfT=hOGi4r9j05tRAy23PF1gl6VssJ6M2MAsmUDr0gj8Dy2PAAAAAGXT4vcAAAAB&reviewId=R1NKZDOXCSGNV9","Showing  comments","0","There was a problem loading comments right now. Please try again later.","","","","","","","","","","","","","","",""
"","https://www.amazon.com/gp/profile/amzn1.account.AGT2NZOPT4KLGKZPD25V7DHTNW2Q/ref=cm_cr_arp_d_gw_btm?ie=UTF8","https://images-na.ssl-images-amazon.com/images/S/amazon-avatars-global/default._CR0,0,1024,1024_SX48_.png","<img src=""https://images-na.ssl-images-amazon.com/images/S/amazon-avatars-global/default._CR0,0,1024,1024_SX48_.png""/>","Brenda I","https://www.amazon.com/gp/customer-reviews/R2P3EVPEN5UE51/ref=cm_cr_arp_d_rvw_ttl?ie=UTF8&ASIN=B09FQDLY3D","5.0 out of 5 stars","Dogs love them.","Reviewed in the United States on October 10, 2022","https://www.amazon.com/gp/help/customer/display.html/ref=cm_cr_dp_d_rvw_avp?nodeId=G75XTB7MBMBTXP6W","Verified Purchase","Dogs love them.","Report","https://www.amazon.com/ap/signin?openid.return_to=https%3A%2F%2Fwww.amazon.com%2FN-Bone-Twistix-Naturals-Vanilla-912696%2Fproduct-reviews%2FB09FQDLY3D%2Fref%3Dcm_cr_arp_d_vote_lft%3Fie%3DUTF8%26csrfT%3DhCce3hejGZUq7why22f4vHgyl9X%252BjUcBdkvEx2Rvw6cJAAAAAGXT4vcAAAAB%26reviewId%3DR2P3EVPEN5UE51&openid.identity=http%3A%2F%2Fspecs.openid.net%2Fauth%2F2.0%2Fidentifier_select&openid.assoc_handle=usflex&openid.mode=checkid_setup&marketPlaceId=ATVPDKIKX0DER&language=en&openid.claimed_id=http%3A%2F%2Fspecs.openid.net%2Fauth%2F2.0%2Fidentifier_select&openid.ns=http%3A%2F%2Fspecs.openid.net%2Fauth%2F2.0","Helpful","Showing  comments","https://www.amazon.com/hz/reviews-render/report-review?ie=UTF8&ref=cm_cr_arp_d_rvw_hlp&csrfT=hCce3hejGZUq7why22f4vHgyl9X%2BjUcBdkvEx2Rvw6cJAAAAAGXT4vcAAAAB&reviewId=R2P3EVPEN5UE51","","0","There was a problem loading comments right now. Please try again later.","","","","","","","","","","","","","","",""
"","https://www.amazon.com/gp/profile/amzn1.account.AH4C4GJP2B2G4NI7FQ57X6SF5HRQ/ref=cm_cr_arp_d_gw_btm?ie=UTF8","https://images-na.ssl-images-amazon.com/images/S/amazon-avatars-global/df3663e9-dc5e-4f33-b9c4-05a0b8d5538f._CR0,0,375,375_SX48_.jpg","<img src=""https://images-na.ssl-images-amazon.com/images/S/amazon-avatars-global/df3663e9-dc5e-4f33-b9c4-05a0b8d5538f._CR0,0,375,375_SX48_.jpg""/>","Chelsea Bennett","https://www.amazon.com/gp/customer-reviews/RVXHO177TFOJK/ref=cm_cr_arp_d_rvw_ttl?ie=UTF8&ASIN=B09FQDLY3D","5.0 out of 5 stars","Dogs Love it and go crazy for it","Reviewed in the United States on November 1, 2021","","","I have been giving my dogs dental treats for years and of course they love treats. My store was out of their normal ones so I decided to give these a try. As I ripped open the bag they both went crazy sniffing the air. They knew! These say they are for moderate chewers. My pit is a power chewer however she took her time eating this dental treat. They smell delightful compares to other ""natural"" scented/flavored products. I will definitely be adding these to my shopping list for my girls.","Dogs Love it and go crazy for it","https://www.amazon.com/ap/signin?openid.return_to=https%3A%2F%2Fwww.amazon.com%2FN-Bone-Twistix-Naturals-Vanilla-912696%2Fproduct-reviews%2FB09FQDLY3D%2Fref%3Dcm_cr_arp_d_vote_lft%3Fie%3DUTF8%26csrfT%3DhHzAkm7rGz6SL9GpHUhCyf2gOHZSMTZNfXcBgNEaNbZNAAAAAGXT4vcAAAAB%26reviewId%3DRVXHO177TFOJK&openid.identity=http%3A%2F%2Fspecs.openid.net%2Fauth%2F2.0%2Fidentifier_select&openid.assoc_handle=usflex&openid.mode=checkid_setup&marketPlaceId=ATVPDKIKX0DER&language=en&openid.claimed_id=http%3A%2F%2Fspecs.openid.net%2Fauth%2F2.0%2Fidentifier_select&openid.ns=http%3A%2F%2Fspecs.openid.net%2Fauth%2F2.0","Helpful","I have been giving my dogs dental treats for years and of course they love treats. My store was out of their normal ones so I decided to give these a try. As I ripped open the bag they both went crazy sniffing the air. They knew! These say they are for moderate chewers. My pit is a power chewer however she took her time eating this dental treat. They smell delightful compares to other ""natural"" scented/flavored products. I will definitely be adding these to my shopping list for my girls.","https://www.amazon.com/hz/reviews-render/report-review?ie=UTF8&ref=cm_cr_arp_d_rvw_hlp&csrfT=hHzAkm7rGz6SL9GpHUhCyf2gOHZSMTZNfXcBgNEaNbZNAAAAAGXT4vcAAAAB&reviewId=RVXHO177TFOJK","One person found this helpful","0","There was a problem loading comments right now. Please try again later.","https://images-na.ssl-images-amazon.com/images/G/01/x-locale/common/transparent-pixel._V192234675_.gif","https://www.amazon.com/gp/profile/amzn1.account.AH4C4GJP2B2G4NI7FQ57X6SF5HRQ/ref=cm_cr_arp_d_gw_pop?ie=UTF8","https://images-na.ssl-images-amazon.com/images/S/amazon-avatars-global/df3663e9-dc5e-4f33-b9c4-05a0b8d5538f._CR0,0,375,375_SX48_.jpg","<img src=""https://images-na.ssl-images-amazon.com/images/S/amazon-avatars-global/df3663e9-dc5e-4f33-b9c4-05a0b8d5538f._CR0,0,375,375_SX48_.jpg""/>","Chelsea Bennett","5.0 out of 5 stars","Reviewed in the United States on November 1, 2021","Images in this review","https://m.media-amazon.com/images/I/61PwfB-h0NL._SY88.jpg","https://m.media-amazon.com/images/I/71h4lqimoFL._SY88.jpg","function toggleSeeAllView() {
       P.when('A', 'cr-image-popover-controller').execute(function(A, imagePopoverController) {
          imagePopoverController.toggleSeeAllView(true);
       });
   }","javascript:void(0)","P.when('A', 'cr-image-popover-controller').execute(function(A, imagePopoverController) {
          A.on(""a:popover:beforeShow:RVXHO177TFOJK_gallerySection_main"", function(data) {
            imagePopoverController.initImagePopover(""RVXHO177TFOJK"", ""[https://m.media-amazon.com/images/I/61PwfB-h0NL._SL1600_.jpg, https://m.media-amazon.com/images/I/71h4lqimoFL._SL1600_.jpg]"", data);
          });
        });","Report","Showing  comments"
"","https://www.amazon.com/gp/profile/amzn1.account.AE62HXCHLVUOJ6MFLRL2SITWFOLA/ref=cm_cr_arp_d_gw_btm?ie=UTF8","https://images-na.ssl-images-amazon.com/images/S/amazon-avatars-global/default._CR0,0,1024,1024_SX48_.png","<img src=""https://images-na.ssl-images-amazon.com/images/S/amazon-avatars-global/default._CR0,0,1024,1024_SX48_.png""/>","Muzzy","https://www.amazon.com/gp/customer-reviews/RV2LYVFR5X7TI/ref=cm_cr_arp_d_rvw_ttl?ie=UTF8&ASIN=B09FQDLY3D","5.0 out of 5 stars","Dog loves these makes for healthy treat","Reviewed in the United States on September 25, 2022","https://www.amazon.com/gp/help/customer/display.html/ref=cm_cr_dp_d_rvw_avp?nodeId=G75XTB7MBMBTXP6W","Verified Purchase","I like that these are not full of unhealthy ingredients and helps with dental hygiene. Does not replace the fact you have to clean your dogs teeth. Really important.","Report","https://www.amazon.com/ap/signin?openid.return_to=https%3A%2F%2Fwww.amazon.com%2FN-Bone-Twistix-Naturals-Vanilla-912696%2Fproduct-reviews%2FB09FQDLY3D%2Fref%3Dcm_cr_arp_d_vote_lft%3Fie%3DUTF8%26csrfT%3DhNWlzm6%252BIBvUrU%252BqL6UJeK4czD%252F%252Fbq39OY%252BBKn%252F056OPAAAAAGXT4vcAAAAB%26reviewId%3DRV2LYVFR5X7TI&openid.identity=http%3A%2F%2Fspecs.openid.net%2Fauth%2F2.0%2Fidentifier_select&openid.assoc_handle=usflex&openid.mode=checkid_setup&marketPlaceId=ATVPDKIKX0DER&language=en&openid.claimed_id=http%3A%2F%2Fspecs.openid.net%2Fauth%2F2.0%2Fidentifier_select&openid.ns=http%3A%2F%2Fspecs.openid.net%2Fauth%2F2.0","Helpful","Showing  comments","https://www.amazon.com/hz/reviews-render/report-review?ie=UTF8&ref=cm_cr_arp_d_rvw_hlp&csrfT=hNWlzm6%2BIBvUrU%2BqL6UJeK4czD%2F%2Fbq39OY%2BBKn%2F056OPAAAAAGXT4vcAAAAB&reviewId=RV2LYVFR5X7TI","","0","There was a problem loading comments right now. Please try again later.","","","","","","","","","","","","","","",""